{
  "project_info": {
    "project_number": "687437899316",
    "project_id": "expense-tracker-5e8a8",
    "storage_bucket": "expense-tracker-5e8a8.appspot.com"
  },
  "client": [
    {
      "client_info": {
        "mobilesdk_app_id": "1:687437899316:android:6d93b20244eea070c68c61",
        "android_client_info": {
          "package_name": "com.example.expense_tracker"
        }
      },
      "oauth_client": [
        {
          "client_id": "687437899316-n5rbhk0q458dmp3t3l7bmdf7usjikeq9.apps.googleusercontent.com",
          "client_type": 1,
          "android_info": {
            "package_name": "com.example.expense_tracker",
            "certificate_hash": "2e25da2c6855d181b712f3d6fba2fe1d3a35b6a6"
          }
        },
        {
          "client_id": "687437899316-3tcp0kr4lt102mrfc8ijd4bgoj6evlsr.apps.googleusercontent.com",
          "client_type": 3
        }
      ],
      "api_key": [
        {
          "current_key": "AIzaSyDb62DfvnQIXG4rXV-H4V2FCZ84v2UJyCM"
        }
      ],
      "services": {
        "appinvite_service": {
          "other_platform_oauth_client": [
            {
              "client_id": "687437899316-3tcp0kr4lt102mrfc8ijd4bgoj6evlsr.apps.googleusercontent.com",
              "client_type": 3
            }
          ]
        }
      }
    }
  ],
  "configuration_version": "1"
}